<?xml version="1.0"?><info schematic-list="/Users/marcelochsendorf/Desktop/HomePLC/Documentation/Implmented Nodes.csv" date="13.12.2016 10:59:11" schematiccount="9" /><schematic><node nid="2" nsi="nbdi" ncon="2:0:3:0%2:0:4:0%" nparam="" pos="10;10" use_timer="true" is_static="false" is_lua_node="false" use_serial="true" requires_extention="true" extention_name="eqri" pass_through="false" class_name="node_nbdi" /><node nid="3" nsi="nbdo" ncon="" nparam="" pos="311;86" use_timer="true" is_static="false" is_lua_node="false" use_serial="true" requires_extention="true" extention_name="eqro" pass_through="false" class_name="node_nbdo" /><node nid="4" nsi="nbdo" ncon="" nparam="" pos="310;144" use_timer="true" is_static="false" is_lua_node="false" use_serial="true" requires_extention="true" extention_name="eqro" pass_through="false" class_name="node_nbdo" /></schematic><schematic></schematic><schematic></schematic><schematic></schematic><schematic></schematic><schematic></schematic><schematic></schematic><schematic></schematic><schematic></schematic></xml>